A16_B003132,A16_B003132,s3://darmanis-group/singlecell_lungadeno/non_immune/nonImmune_fastqs_9.27/180831/A16_B003132/A16_B003132_R1_001.fastq.gz,s3://darmanis-group/singlecell_lungadeno/non_immune/nonImmune_fastqs_9.27/180831/A16_B003132/A16_B003132_R2_001.fastq.gz,s3://darmanis-group/singlecell_lungadeno/non_immune/nonImmune_fastqs_9.27/STAR-fus_out/A16_B003132/
M5_B003132,M5_B003132,s3://darmanis-group/singlecell_lungadeno/non_immune/nonImmune_fastqs_9.27/180831/M5_B003132/M5_B003132_R1_001.fastq.gz,s3://darmanis-group/singlecell_lungadeno/non_immune/nonImmune_fastqs_9.27/180831/M5_B003132/M5_B003132_R2_001.fastq.gz,s3://darmanis-group/singlecell_lungadeno/non_immune/nonImmune_fastqs_9.27/STAR-fus_out/M5_B003132/
H11_B003191,H11_B003191,s3://darmanis-group/singlecell_lungadeno/non_immune/nonImmune_fastqs_9.27/180831/H11_B003191/H11_B003191_R1_001.fastq.gz,s3://darmanis-group/singlecell_lungadeno/non_immune/nonImmune_fastqs_9.27/180831/H11_B003191/H11_B003191_R2_001.fastq.gz,s3://darmanis-group/singlecell_lungadeno/non_immune/nonImmune_fastqs_9.27/STAR-fus_out/H11_B003191/
A4_B002074,A4_B002074,s3://darmanis-group/singlecell_lungadeno/non_immune/nonImmune_fastqs_9.27/180711/A4_B002074/A4_B002074_R1_001.fastq.gz,s3://darmanis-group/singlecell_lungadeno/non_immune/nonImmune_fastqs_9.27/180711/A4_B002074/A4_B002074_R2_001.fastq.gz,s3://darmanis-group/singlecell_lungadeno/non_immune/nonImmune_fastqs_9.27/STAR-fus_out/A4_B002074/
A4_B003894,A4_B003894,s3://darmanis-group/singlecell_lungadeno/non_immune/nonImmune_fastqs_9.27/180711/A4_B003894/A4_B003894_R1_001.fastq.gz,s3://darmanis-group/singlecell_lungadeno/non_immune/nonImmune_fastqs_9.27/180711/A4_B003894/A4_B003894_R2_001.fastq.gz,s3://darmanis-group/singlecell_lungadeno/non_immune/nonImmune_fastqs_9.27/STAR-fus_out/A4_B003894/
J5_B003071,J5_B003071,s3://darmanis-group/singlecell_lungadeno/non_immune/nonImmune_fastqs_9.27/180319/J5_B003071/J5_B003071_R1_001.fastq.gz,s3://darmanis-group/singlecell_lungadeno/non_immune/nonImmune_fastqs_9.27/180319/J5_B003071/J5_B003071_R2_001.fastq.gz,s3://darmanis-group/singlecell_lungadeno/non_immune/nonImmune_fastqs_9.27/STAR-fus_out/J5_B003071/
M8_1001000412,M8_1001000412,s3://darmanis-group/singlecell_lungadeno/non_immune/nonImmune_fastqs_9.27/171120_concat/M8_1001000412/M8_1001000412_R1_001.fastq.gz,s3://darmanis-group/singlecell_lungadeno/non_immune/nonImmune_fastqs_9.27/171120_concat/M8_1001000412/M8_1001000412_R2_001.fastq.gz,s3://darmanis-group/singlecell_lungadeno/non_immune/nonImmune_fastqs_9.27/STAR-fus_out/M8_1001000412/
B8_B003894,B8_B003894,s3://darmanis-group/singlecell_lungadeno/non_immune/nonImmune_fastqs_9.27/180711/B8_B003894/B8_B003894_R1_001.fastq.gz,s3://darmanis-group/singlecell_lungadeno/non_immune/nonImmune_fastqs_9.27/180711/B8_B003894/B8_B003894_R2_001.fastq.gz,s3://darmanis-group/singlecell_lungadeno/non_immune/nonImmune_fastqs_9.27/STAR-fus_out/B8_B003894/
O19_B003126,O19_B003126,s3://darmanis-group/singlecell_lungadeno/non_immune/nonImmune_fastqs_9.27/180423/O19_B003126/O19_B003126_R1_001.fastq.gz,s3://darmanis-group/singlecell_lungadeno/non_immune/nonImmune_fastqs_9.27/180423/O19_B003126/O19_B003126_R2_001.fastq.gz,s3://darmanis-group/singlecell_lungadeno/non_immune/nonImmune_fastqs_9.27/STAR-fus_out/O19_B003126/
B20_B003129,B20_B003129,s3://darmanis-group/singlecell_lungadeno/non_immune/nonImmune_fastqs_9.27/180831/B20_B003129/B20_B003129_R1_001.fastq.gz,s3://darmanis-group/singlecell_lungadeno/non_immune/nonImmune_fastqs_9.27/180831/B20_B003129/B20_B003129_R2_001.fastq.gz,s3://darmanis-group/singlecell_lungadeno/non_immune/nonImmune_fastqs_9.27/STAR-fus_out/B20_B003129/
F13_B002078,F13_B002078,s3://darmanis-group/singlecell_lungadeno/non_immune/nonImmune_fastqs_9.27/180516/F13_B002078/F13_B002078_R1_001.fastq.gz,s3://darmanis-group/singlecell_lungadeno/non_immune/nonImmune_fastqs_9.27/180516/F13_B002078/F13_B002078_R2_001.fastq.gz,s3://darmanis-group/singlecell_lungadeno/non_immune/nonImmune_fastqs_9.27/STAR-fus_out/F13_B002078/
C9_B003191,C9_B003191,s3://darmanis-group/singlecell_lungadeno/non_immune/nonImmune_fastqs_9.27/180831/C9_B003191/C9_B003191_R1_001.fastq.gz,s3://darmanis-group/singlecell_lungadeno/non_immune/nonImmune_fastqs_9.27/180831/C9_B003191/C9_B003191_R2_001.fastq.gz,s3://darmanis-group/singlecell_lungadeno/non_immune/nonImmune_fastqs_9.27/STAR-fus_out/C9_B003191/
B9_B003518,B9_B003518,s3://darmanis-group/singlecell_lungadeno/non_immune/nonImmune_fastqs_9.27/180831/B9_B003518/B9_B003518_R1_001.fastq.gz,s3://darmanis-group/singlecell_lungadeno/non_immune/nonImmune_fastqs_9.27/180831/B9_B003518/B9_B003518_R2_001.fastq.gz,s3://darmanis-group/singlecell_lungadeno/non_immune/nonImmune_fastqs_9.27/STAR-fus_out/B9_B003518/
M6_B003129,M6_B003129,s3://darmanis-group/singlecell_lungadeno/non_immune/nonImmune_fastqs_9.27/180831/M6_B003129/M6_B003129_R1_001.fastq.gz,s3://darmanis-group/singlecell_lungadeno/non_immune/nonImmune_fastqs_9.27/180831/M6_B003129/M6_B003129_R2_001.fastq.gz,s3://darmanis-group/singlecell_lungadeno/non_immune/nonImmune_fastqs_9.27/STAR-fus_out/M6_B003129/
P12_B003643,P12_B003643,s3://darmanis-group/singlecell_lungadeno/non_immune/nonImmune_fastqs_9.27/180423/P12_B003643/P12_B003643_R1_001.fastq.gz,s3://darmanis-group/singlecell_lungadeno/non_immune/nonImmune_fastqs_9.27/180423/P12_B003643/P12_B003643_R2_001.fastq.gz,s3://darmanis-group/singlecell_lungadeno/non_immune/nonImmune_fastqs_9.27/STAR-fus_out/P12_B003643/
L6_B003776,L6_B003776,s3://darmanis-group/singlecell_lungadeno/non_immune/nonImmune_fastqs_9.27/180601/L6_B003776/L6_B003776_R1_001.fastq.gz,s3://darmanis-group/singlecell_lungadeno/non_immune/nonImmune_fastqs_9.27/180601/L6_B003776/L6_B003776_R2_001.fastq.gz,s3://darmanis-group/singlecell_lungadeno/non_immune/nonImmune_fastqs_9.27/STAR-fus_out/L6_B003776/
G19_B003115,G19_B003115,s3://darmanis-group/singlecell_lungadeno/non_immune/nonImmune_fastqs_9.27/180405/G19_B003115/G19_B003115_R1_001.fastq.gz,s3://darmanis-group/singlecell_lungadeno/non_immune/nonImmune_fastqs_9.27/180405/G19_B003115/G19_B003115_R2_001.fastq.gz,s3://darmanis-group/singlecell_lungadeno/non_immune/nonImmune_fastqs_9.27/STAR-fus_out/G19_B003115/
A21_B003049,A21_B003049,s3://darmanis-group/singlecell_lungadeno/non_immune/nonImmune_fastqs_9.27/171120_concat/A21_B003049/A21_B003049_R1_001.fastq.gz,s3://darmanis-group/singlecell_lungadeno/non_immune/nonImmune_fastqs_9.27/171120_concat/A21_B003049/A21_B003049_R2_001.fastq.gz,s3://darmanis-group/singlecell_lungadeno/non_immune/nonImmune_fastqs_9.27/STAR-fus_out/A21_B003049/
I8_B003112,I8_B003112,s3://darmanis-group/singlecell_lungadeno/non_immune/nonImmune_fastqs_9.27/180831/I8_B003112/I8_B003112_R1_001.fastq.gz,s3://darmanis-group/singlecell_lungadeno/non_immune/nonImmune_fastqs_9.27/180831/I8_B003112/I8_B003112_R2_001.fastq.gz,s3://darmanis-group/singlecell_lungadeno/non_immune/nonImmune_fastqs_9.27/STAR-fus_out/I8_B003112/
A2_B003529,A2_B003529,s3://darmanis-group/singlecell_lungadeno/non_immune/nonImmune_fastqs_9.27/180831/A2_B003529/A2_B003529_R1_001.fastq.gz,s3://darmanis-group/singlecell_lungadeno/non_immune/nonImmune_fastqs_9.27/180831/A2_B003529/A2_B003529_R2_001.fastq.gz,s3://darmanis-group/singlecell_lungadeno/non_immune/nonImmune_fastqs_9.27/STAR-fus_out/A2_B003529/
H15_1001000408,H15_1001000408,s3://darmanis-group/singlecell_lungadeno/non_immune/nonImmune_fastqs_9.27/171120_concat/H15_1001000408/H15_1001000408_R1_001.fastq.gz,s3://darmanis-group/singlecell_lungadeno/non_immune/nonImmune_fastqs_9.27/171120_concat/H15_1001000408/H15_1001000408_R2_001.fastq.gz,s3://darmanis-group/singlecell_lungadeno/non_immune/nonImmune_fastqs_9.27/STAR-fus_out/H15_1001000408/
I3_B003643,I3_B003643,s3://darmanis-group/singlecell_lungadeno/non_immune/nonImmune_fastqs_9.27/180423/I3_B003643/I3_B003643_R1_001.fastq.gz,s3://darmanis-group/singlecell_lungadeno/non_immune/nonImmune_fastqs_9.27/180423/I3_B003643/I3_B003643_R2_001.fastq.gz,s3://darmanis-group/singlecell_lungadeno/non_immune/nonImmune_fastqs_9.27/STAR-fus_out/I3_B003643/
E9_B003187,E9_B003187,s3://darmanis-group/singlecell_lungadeno/non_immune/nonImmune_fastqs_9.27/180831/E9_B003187/E9_B003187_R1_001.fastq.gz,s3://darmanis-group/singlecell_lungadeno/non_immune/nonImmune_fastqs_9.27/180831/E9_B003187/E9_B003187_R2_001.fastq.gz,s3://darmanis-group/singlecell_lungadeno/non_immune/nonImmune_fastqs_9.27/STAR-fus_out/E9_B003187/
C11_1001000293,C11_1001000293,s3://darmanis-group/singlecell_lungadeno/non_immune/nonImmune_fastqs_9.27/170125/C11_1001000293/C11_1001000293_R1_001.fastq.gz,s3://darmanis-group/singlecell_lungadeno/non_immune/nonImmune_fastqs_9.27/170125/C11_1001000293/C11_1001000293_R2_001.fastq.gz,s3://darmanis-group/singlecell_lungadeno/non_immune/nonImmune_fastqs_9.27/STAR-fus_out/C11_1001000293/
B18_B000862,B18_B000862,s3://darmanis-group/singlecell_lungadeno/non_immune/nonImmune_fastqs_9.27/180319/B18_B000862/B18_B000862_R1_001.fastq.gz,s3://darmanis-group/singlecell_lungadeno/non_immune/nonImmune_fastqs_9.27/180319/B18_B000862/B18_B000862_R2_001.fastq.gz,s3://darmanis-group/singlecell_lungadeno/non_immune/nonImmune_fastqs_9.27/STAR-fus_out/B18_B000862/
A7_B003518,A7_B003518,s3://darmanis-group/singlecell_lungadeno/non_immune/nonImmune_fastqs_9.27/180831/A7_B003518/A7_B003518_R1_001.fastq.gz,s3://darmanis-group/singlecell_lungadeno/non_immune/nonImmune_fastqs_9.27/180831/A7_B003518/A7_B003518_R2_001.fastq.gz,s3://darmanis-group/singlecell_lungadeno/non_immune/nonImmune_fastqs_9.27/STAR-fus_out/A7_B003518/
J9_B001621,J9_B001621,s3://darmanis-group/singlecell_lungadeno/non_immune/nonImmune_fastqs_9.27/171120_concat/J9_B001621/J9_B001621_R1_001.fastq.gz,s3://darmanis-group/singlecell_lungadeno/non_immune/nonImmune_fastqs_9.27/171120_concat/J9_B001621/J9_B001621_R2_001.fastq.gz,s3://darmanis-group/singlecell_lungadeno/non_immune/nonImmune_fastqs_9.27/STAR-fus_out/J9_B001621/
G4_B003129,G4_B003129,s3://darmanis-group/singlecell_lungadeno/non_immune/nonImmune_fastqs_9.27/180831/G4_B003129/G4_B003129_R1_001.fastq.gz,s3://darmanis-group/singlecell_lungadeno/non_immune/nonImmune_fastqs_9.27/180831/G4_B003129/G4_B003129_R2_001.fastq.gz,s3://darmanis-group/singlecell_lungadeno/non_immune/nonImmune_fastqs_9.27/STAR-fus_out/G4_B003129/
G7_B003659,G7_B003659,s3://darmanis-group/singlecell_lungadeno/non_immune/nonImmune_fastqs_9.27/180319/G7_B003659/G7_B003659_R1_001.fastq.gz,s3://darmanis-group/singlecell_lungadeno/non_immune/nonImmune_fastqs_9.27/180319/G7_B003659/G7_B003659_R2_001.fastq.gz,s3://darmanis-group/singlecell_lungadeno/non_immune/nonImmune_fastqs_9.27/STAR-fus_out/G7_B003659/
O13_B003112,O13_B003112,s3://darmanis-group/singlecell_lungadeno/non_immune/nonImmune_fastqs_9.27/180831/O13_B003112/O13_B003112_R1_001.fastq.gz,s3://darmanis-group/singlecell_lungadeno/non_immune/nonImmune_fastqs_9.27/180831/O13_B003112/O13_B003112_R2_001.fastq.gz,s3://darmanis-group/singlecell_lungadeno/non_immune/nonImmune_fastqs_9.27/STAR-fus_out/O13_B003112/
F8_1001000292,F8_1001000292,s3://darmanis-group/singlecell_lungadeno/non_immune/nonImmune_fastqs_9.27/170125/F8_1001000292/F8_1001000292_R1_001.fastq.gz,s3://darmanis-group/singlecell_lungadeno/non_immune/nonImmune_fastqs_9.27/170125/F8_1001000292/F8_1001000292_R2_001.fastq.gz,s3://darmanis-group/singlecell_lungadeno/non_immune/nonImmune_fastqs_9.27/STAR-fus_out/F8_1001000292/
D4_B003121,D4_B003121,s3://darmanis-group/singlecell_lungadeno/non_immune/nonImmune_fastqs_9.27/180405/D4_B003121/D4_B003121_R1_001.fastq.gz,s3://darmanis-group/singlecell_lungadeno/non_immune/nonImmune_fastqs_9.27/180405/D4_B003121/D4_B003121_R2_001.fastq.gz,s3://darmanis-group/singlecell_lungadeno/non_immune/nonImmune_fastqs_9.27/STAR-fus_out/D4_B003121/
L3_B003071,L3_B003071,s3://darmanis-group/singlecell_lungadeno/non_immune/nonImmune_fastqs_9.27/180319/L3_B003071/L3_B003071_R1_001.fastq.gz,s3://darmanis-group/singlecell_lungadeno/non_immune/nonImmune_fastqs_9.27/180319/L3_B003071/L3_B003071_R2_001.fastq.gz,s3://darmanis-group/singlecell_lungadeno/non_immune/nonImmune_fastqs_9.27/STAR-fus_out/L3_B003071/
G15_B002073,G15_B002073,s3://darmanis-group/singlecell_lungadeno/non_immune/nonImmune_fastqs_9.27/180516/G15_B002073/G15_B002073_R1_001.fastq.gz,s3://darmanis-group/singlecell_lungadeno/non_immune/nonImmune_fastqs_9.27/180516/G15_B002073/G15_B002073_R2_001.fastq.gz,s3://darmanis-group/singlecell_lungadeno/non_immune/nonImmune_fastqs_9.27/STAR-fus_out/G15_B002073/
E2_B003894,E2_B003894,s3://darmanis-group/singlecell_lungadeno/non_immune/nonImmune_fastqs_9.27/180711/E2_B003894/E2_B003894_R1_001.fastq.gz,s3://darmanis-group/singlecell_lungadeno/non_immune/nonImmune_fastqs_9.27/180711/E2_B003894/E2_B003894_R2_001.fastq.gz,s3://darmanis-group/singlecell_lungadeno/non_immune/nonImmune_fastqs_9.27/STAR-fus_out/E2_B003894/
H20_B003187,H20_B003187,s3://darmanis-group/singlecell_lungadeno/non_immune/nonImmune_fastqs_9.27/180831/H20_B003187/H20_B003187_R1_001.fastq.gz,s3://darmanis-group/singlecell_lungadeno/non_immune/nonImmune_fastqs_9.27/180831/H20_B003187/H20_B003187_R2_001.fastq.gz,s3://darmanis-group/singlecell_lungadeno/non_immune/nonImmune_fastqs_9.27/STAR-fus_out/H20_B003187/
D6_B003191,D6_B003191,s3://darmanis-group/singlecell_lungadeno/non_immune/nonImmune_fastqs_9.27/180831/D6_B003191/D6_B003191_R1_001.fastq.gz,s3://darmanis-group/singlecell_lungadeno/non_immune/nonImmune_fastqs_9.27/180831/D6_B003191/D6_B003191_R2_001.fastq.gz,s3://darmanis-group/singlecell_lungadeno/non_immune/nonImmune_fastqs_9.27/STAR-fus_out/D6_B003191/
K8_B003775,K8_B003775,s3://darmanis-group/singlecell_lungadeno/non_immune/nonImmune_fastqs_9.27/180911/K8_B003775/K8_B003775_R1_001.fastq.gz,s3://darmanis-group/singlecell_lungadeno/non_immune/nonImmune_fastqs_9.27/180911/K8_B003775/K8_B003775_R2_001.fastq.gz,s3://darmanis-group/singlecell_lungadeno/non_immune/nonImmune_fastqs_9.27/STAR-fus_out/K8_B003775/
B3_B001799,B3_B001799,s3://darmanis-group/singlecell_lungadeno/non_immune/nonImmune_fastqs_9.27/180226/B3_B001799/B3_B001799_R1_001.fastq.gz,s3://darmanis-group/singlecell_lungadeno/non_immune/nonImmune_fastqs_9.27/180226/B3_B001799/B3_B001799_R2_001.fastq.gz,s3://darmanis-group/singlecell_lungadeno/non_immune/nonImmune_fastqs_9.27/STAR-fus_out/B3_B001799/
O6_B001545,O6_B001545,s3://darmanis-group/singlecell_lungadeno/non_immune/nonImmune_fastqs_9.27/180911/O6_B001545/O6_B001545_R1_001.fastq.gz,s3://darmanis-group/singlecell_lungadeno/non_immune/nonImmune_fastqs_9.27/180911/O6_B001545/O6_B001545_R2_001.fastq.gz,s3://darmanis-group/singlecell_lungadeno/non_immune/nonImmune_fastqs_9.27/STAR-fus_out/O6_B001545/
E2_B001008,E2_B001008,s3://darmanis-group/singlecell_lungadeno/non_immune/nonImmune_fastqs_9.27/181120/E2_B001008/E2_B001008_R1_001.fastq.gz,s3://darmanis-group/singlecell_lungadeno/non_immune/nonImmune_fastqs_9.27/181120/E2_B001008/E2_B001008_R1_001.fastq.gz,s3://darmanis-group/singlecell_lungadeno/non_immune/nonImmune_fastqs_9.27/STAR-fus_out/E2_B001008/
I22_1001000412,I22_1001000412,s3://darmanis-group/singlecell_lungadeno/non_immune/nonImmune_fastqs_9.27/171120_concat/I22_1001000412/I22_1001000412_R1_001.fastq.gz,s3://darmanis-group/singlecell_lungadeno/non_immune/nonImmune_fastqs_9.27/171120_concat/I22_1001000412/I22_1001000412_R2_001.fastq.gz,s3://darmanis-group/singlecell_lungadeno/non_immune/nonImmune_fastqs_9.27/STAR-fus_out/I22_1001000412/
D17_B001617,D17_B001617,s3://darmanis-group/singlecell_lungadeno/non_immune/nonImmune_fastqs_9.27/171120_concat/D17_B001617/D17_B001617_R1_001.fastq.gz,s3://darmanis-group/singlecell_lungadeno/non_immune/nonImmune_fastqs_9.27/171120_concat/D17_B001617/D17_B001617_R2_001.fastq.gz,s3://darmanis-group/singlecell_lungadeno/non_immune/nonImmune_fastqs_9.27/STAR-fus_out/D17_B001617/
B14_B000863,B14_B000863,s3://darmanis-group/singlecell_lungadeno/non_immune/nonImmune_fastqs_9.27/180307/B14_B000863/B14_B000863_R1_001.fastq.gz,s3://darmanis-group/singlecell_lungadeno/non_immune/nonImmune_fastqs_9.27/180307/B14_B000863/B14_B000863_R2_001.fastq.gz,s3://darmanis-group/singlecell_lungadeno/non_immune/nonImmune_fastqs_9.27/STAR-fus_out/B14_B000863/
C2_B003647,C2_B003647,s3://darmanis-group/singlecell_lungadeno/non_immune/nonImmune_fastqs_9.27/180831/C2_B003647/C2_B003647_R1_001.fastq.gz,s3://darmanis-group/singlecell_lungadeno/non_immune/nonImmune_fastqs_9.27/180831/C2_B003647/C2_B003647_R2_001.fastq.gz,s3://darmanis-group/singlecell_lungadeno/non_immune/nonImmune_fastqs_9.27/STAR-fus_out/C2_B003647/
E14_B001556,E14_B001556,s3://darmanis-group/singlecell_lungadeno/non_immune/nonImmune_fastqs_9.27/180911/E14_B001556/E14_B001556_R1_001.fastq.gz,s3://darmanis-group/singlecell_lungadeno/non_immune/nonImmune_fastqs_9.27/180911/E14_B001556/E14_B001556_R2_001.fastq.gz,s3://darmanis-group/singlecell_lungadeno/non_immune/nonImmune_fastqs_9.27/STAR-fus_out/E14_B001556/
G2_B003048,G2_B003048,s3://darmanis-group/singlecell_lungadeno/non_immune/nonImmune_fastqs_9.27/171120_concat/G2_B003048/G2_B003048_R1_001.fastq.gz,s3://darmanis-group/singlecell_lungadeno/non_immune/nonImmune_fastqs_9.27/171120_concat/G2_B003048/G2_B003048_R2_001.fastq.gz,s3://darmanis-group/singlecell_lungadeno/non_immune/nonImmune_fastqs_9.27/STAR-fus_out/G2_B003048/
F21_B003115,F21_B003115,s3://darmanis-group/singlecell_lungadeno/non_immune/nonImmune_fastqs_9.27/180405/F21_B003115/F21_B003115_R1_001.fastq.gz,s3://darmanis-group/singlecell_lungadeno/non_immune/nonImmune_fastqs_9.27/180405/F21_B003115/F21_B003115_R2_001.fastq.gz,s3://darmanis-group/singlecell_lungadeno/non_immune/nonImmune_fastqs_9.27/STAR-fus_out/F21_B003115/
G8_B003080,G8_B003080,s3://darmanis-group/singlecell_lungadeno/non_immune/nonImmune_fastqs_9.27/180405/G8_B003080/G8_B003080_R1_001.fastq.gz,s3://darmanis-group/singlecell_lungadeno/non_immune/nonImmune_fastqs_9.27/180405/G8_B003080/G8_B003080_R2_001.fastq.gz,s3://darmanis-group/singlecell_lungadeno/non_immune/nonImmune_fastqs_9.27/STAR-fus_out/G8_B003080/
O7_1001000340,O7_1001000340,s3://darmanis-group/singlecell_lungadeno/non_immune/nonImmune_fastqs_9.27/170510/O7_1001000340/O7_1001000340_R1_001.fastq.gz,s3://darmanis-group/singlecell_lungadeno/non_immune/nonImmune_fastqs_9.27/170510/O7_1001000340/O7_1001000340_R2_001.fastq.gz,s3://darmanis-group/singlecell_lungadeno/non_immune/nonImmune_fastqs_9.27/STAR-fus_out/O7_1001000340/
G9_B003577,G9_B003577,s3://darmanis-group/singlecell_lungadeno/non_immune/nonImmune_fastqs_9.27/180519/G9_B003577/G9_B003577_R1_001.fastq.gz,s3://darmanis-group/singlecell_lungadeno/non_immune/nonImmune_fastqs_9.27/180519/G9_B003577/G9_B003577_R2_001.fastq.gz,s3://darmanis-group/singlecell_lungadeno/non_immune/nonImmune_fastqs_9.27/STAR-fus_out/G9_B003577/
F7_B002078,F7_B002078,s3://darmanis-group/singlecell_lungadeno/non_immune/nonImmune_fastqs_9.27/180516/F7_B002078/F7_B002078_R1_001.fastq.gz,s3://darmanis-group/singlecell_lungadeno/non_immune/nonImmune_fastqs_9.27/180516/F7_B002078/F7_B002078_R2_001.fastq.gz,s3://darmanis-group/singlecell_lungadeno/non_immune/nonImmune_fastqs_9.27/STAR-fus_out/F7_B002078/
L1_1001000376,L1_1001000376,s3://darmanis-group/singlecell_lungadeno/non_immune/nonImmune_fastqs_9.27/171120_concat/L1_1001000376/L1_1001000376_R1_001.fastq.gz,s3://darmanis-group/singlecell_lungadeno/non_immune/nonImmune_fastqs_9.27/171120_concat/L1_1001000376/L1_1001000376_R2_001.fastq.gz,s3://darmanis-group/singlecell_lungadeno/non_immune/nonImmune_fastqs_9.27/STAR-fus_out/L1_1001000376/
O5_B001799,O5_B001799,s3://darmanis-group/singlecell_lungadeno/non_immune/nonImmune_fastqs_9.27/180226/O5_B001799/O5_B001799_R1_001.fastq.gz,s3://darmanis-group/singlecell_lungadeno/non_immune/nonImmune_fastqs_9.27/180226/O5_B001799/O5_B001799_R2_001.fastq.gz,s3://darmanis-group/singlecell_lungadeno/non_immune/nonImmune_fastqs_9.27/STAR-fus_out/O5_B001799/
H11_B002078,H11_B002078,s3://darmanis-group/singlecell_lungadeno/non_immune/nonImmune_fastqs_9.27/180516/H11_B002078/H11_B002078_R1_001.fastq.gz,s3://darmanis-group/singlecell_lungadeno/non_immune/nonImmune_fastqs_9.27/180516/H11_B002078/H11_B002078_R2_001.fastq.gz,s3://darmanis-group/singlecell_lungadeno/non_immune/nonImmune_fastqs_9.27/STAR-fus_out/H11_B002078/
J1_B001008,J1_B001008,s3://darmanis-group/singlecell_lungadeno/non_immune/nonImmune_fastqs_9.27/181120/J1_B001008/J1_B001008_R1_001.fastq.gz,s3://darmanis-group/singlecell_lungadeno/non_immune/nonImmune_fastqs_9.27/181120/J1_B001008/J1_B001008_R1_001.fastq.gz,s3://darmanis-group/singlecell_lungadeno/non_immune/nonImmune_fastqs_9.27/STAR-fus_out/J1_B001008/
P2_B000429,P2_B000429,s3://darmanis-group/singlecell_lungadeno/non_immune/nonImmune_fastqs_9.27/180319/P2_B000429/P2_B000429_R1_001.fastq.gz,s3://darmanis-group/singlecell_lungadeno/non_immune/nonImmune_fastqs_9.27/180319/P2_B000429/P2_B000429_R2_001.fastq.gz,s3://darmanis-group/singlecell_lungadeno/non_immune/nonImmune_fastqs_9.27/STAR-fus_out/P2_B000429/
A18_B003097,A18_B003097,s3://darmanis-group/singlecell_lungadeno/non_immune/nonImmune_fastqs_9.27/180911/A18_B003097/A18_B003097_R1_001.fastq.gz,s3://darmanis-group/singlecell_lungadeno/non_immune/nonImmune_fastqs_9.27/180911/A18_B003097/A18_B003097_R2_001.fastq.gz,s3://darmanis-group/singlecell_lungadeno/non_immune/nonImmune_fastqs_9.27/STAR-fus_out/A18_B003097/
J12_B003659,J12_B003659,s3://darmanis-group/singlecell_lungadeno/non_immune/nonImmune_fastqs_9.27/180319/J12_B003659/J12_B003659_R1_001.fastq.gz,s3://darmanis-group/singlecell_lungadeno/non_immune/nonImmune_fastqs_9.27/180319/J12_B003659/J12_B003659_R2_001.fastq.gz,s3://darmanis-group/singlecell_lungadeno/non_immune/nonImmune_fastqs_9.27/STAR-fus_out/J12_B003659/
B21_B001475,B21_B001475,s3://darmanis-group/singlecell_lungadeno/non_immune/nonImmune_fastqs_9.27/180911/B21_B001475/B21_B001475_R1_001.fastq.gz,s3://darmanis-group/singlecell_lungadeno/non_immune/nonImmune_fastqs_9.27/180911/B21_B001475/B21_B001475_R2_001.fastq.gz,s3://darmanis-group/singlecell_lungadeno/non_immune/nonImmune_fastqs_9.27/STAR-fus_out/B21_B001475/
E15_B003097,E15_B003097,s3://darmanis-group/singlecell_lungadeno/non_immune/nonImmune_fastqs_9.27/180911/E15_B003097/E15_B003097_R1_001.fastq.gz,s3://darmanis-group/singlecell_lungadeno/non_immune/nonImmune_fastqs_9.27/180911/E15_B003097/E15_B003097_R2_001.fastq.gz,s3://darmanis-group/singlecell_lungadeno/non_immune/nonImmune_fastqs_9.27/STAR-fus_out/E15_B003097/
D3_1001000293,D3_1001000293,s3://darmanis-group/singlecell_lungadeno/non_immune/nonImmune_fastqs_9.27/170125/D3_1001000293/D3_1001000293_R1_001.fastq.gz,s3://darmanis-group/singlecell_lungadeno/non_immune/nonImmune_fastqs_9.27/170125/D3_1001000293/D3_1001000293_R2_001.fastq.gz,s3://darmanis-group/singlecell_lungadeno/non_immune/nonImmune_fastqs_9.27/STAR-fus_out/D3_1001000293/
M16_B003523,M16_B003523,s3://darmanis-group/singlecell_lungadeno/non_immune/nonImmune_fastqs_9.27/180831/M16_B003523/M16_B003523_R1_001.fastq.gz,s3://darmanis-group/singlecell_lungadeno/non_immune/nonImmune_fastqs_9.27/180831/M16_B003523/M16_B003523_R2_001.fastq.gz,s3://darmanis-group/singlecell_lungadeno/non_immune/nonImmune_fastqs_9.27/STAR-fus_out/M16_B003523/
N10_B003115,N10_B003115,s3://darmanis-group/singlecell_lungadeno/non_immune/nonImmune_fastqs_9.27/180405/N10_B003115/N10_B003115_R1_001.fastq.gz,s3://darmanis-group/singlecell_lungadeno/non_immune/nonImmune_fastqs_9.27/180405/N10_B003115/N10_B003115_R2_001.fastq.gz,s3://darmanis-group/singlecell_lungadeno/non_immune/nonImmune_fastqs_9.27/STAR-fus_out/N10_B003115/
H21_B003116,H21_B003116,s3://darmanis-group/singlecell_lungadeno/non_immune/nonImmune_fastqs_9.27/180711/H21_B003116/H21_B003116_R1_001.fastq.gz,s3://darmanis-group/singlecell_lungadeno/non_immune/nonImmune_fastqs_9.27/180711/H21_B003116/H21_B003116_R2_001.fastq.gz,s3://darmanis-group/singlecell_lungadeno/non_immune/nonImmune_fastqs_9.27/STAR-fus_out/H21_B003116/
P17_B003191,P17_B003191,s3://darmanis-group/singlecell_lungadeno/non_immune/nonImmune_fastqs_9.27/180831/P17_B003191/P17_B003191_R1_001.fastq.gz,s3://darmanis-group/singlecell_lungadeno/non_immune/nonImmune_fastqs_9.27/180831/P17_B003191/P17_B003191_R2_001.fastq.gz,s3://darmanis-group/singlecell_lungadeno/non_immune/nonImmune_fastqs_9.27/STAR-fus_out/P17_B003191/
G6_B003071,G6_B003071,s3://darmanis-group/singlecell_lungadeno/non_immune/nonImmune_fastqs_9.27/180319/G6_B003071/G6_B003071_R1_001.fastq.gz,s3://darmanis-group/singlecell_lungadeno/non_immune/nonImmune_fastqs_9.27/180319/G6_B003071/G6_B003071_R2_001.fastq.gz,s3://darmanis-group/singlecell_lungadeno/non_immune/nonImmune_fastqs_9.27/STAR-fus_out/G6_B003071/
C16_B002074,C16_B002074,s3://darmanis-group/singlecell_lungadeno/non_immune/nonImmune_fastqs_9.27/180711/C16_B002074/C16_B002074_R1_001.fastq.gz,s3://darmanis-group/singlecell_lungadeno/non_immune/nonImmune_fastqs_9.27/180711/C16_B002074/C16_B002074_R2_001.fastq.gz,s3://darmanis-group/singlecell_lungadeno/non_immune/nonImmune_fastqs_9.27/STAR-fus_out/C16_B002074/
F17_B002571,F17_B002571,s3://darmanis-group/singlecell_lungadeno/non_immune/nonImmune_fastqs_9.27/180911/F17_B002571/F17_B002571_R1_001.fastq.gz,s3://darmanis-group/singlecell_lungadeno/non_immune/nonImmune_fastqs_9.27/180911/F17_B002571/F17_B002571_R2_001.fastq.gz,s3://darmanis-group/singlecell_lungadeno/non_immune/nonImmune_fastqs_9.27/STAR-fus_out/F17_B002571/
J3_B003527,J3_B003527,s3://darmanis-group/singlecell_lungadeno/non_immune/nonImmune_fastqs_9.27/180516/J3_B003527/J3_B003527_R1_001.fastq.gz,s3://darmanis-group/singlecell_lungadeno/non_immune/nonImmune_fastqs_9.27/180516/J3_B003527/J3_B003527_R2_001.fastq.gz,s3://darmanis-group/singlecell_lungadeno/non_immune/nonImmune_fastqs_9.27/STAR-fus_out/J3_B003527/
G16_B003648,G16_B003648,s3://darmanis-group/singlecell_lungadeno/non_immune/nonImmune_fastqs_9.27/180307/G16_B003648/G16_B003648_R1_001.fastq.gz,s3://darmanis-group/singlecell_lungadeno/non_immune/nonImmune_fastqs_9.27/180307/G16_B003648/G16_B003648_R2_001.fastq.gz,s3://darmanis-group/singlecell_lungadeno/non_immune/nonImmune_fastqs_9.27/STAR-fus_out/G16_B003648/
B10_B003523,B10_B003523,s3://darmanis-group/singlecell_lungadeno/non_immune/nonImmune_fastqs_9.27/180831/B10_B003523/B10_B003523_R1_001.fastq.gz,s3://darmanis-group/singlecell_lungadeno/non_immune/nonImmune_fastqs_9.27/180831/B10_B003523/B10_B003523_R2_001.fastq.gz,s3://darmanis-group/singlecell_lungadeno/non_immune/nonImmune_fastqs_9.27/STAR-fus_out/B10_B003523/
H14_B001545,H14_B001545,s3://darmanis-group/singlecell_lungadeno/non_immune/nonImmune_fastqs_9.27/180911/H14_B001545/H14_B001545_R1_001.fastq.gz,s3://darmanis-group/singlecell_lungadeno/non_immune/nonImmune_fastqs_9.27/180911/H14_B001545/H14_B001545_R2_001.fastq.gz,s3://darmanis-group/singlecell_lungadeno/non_immune/nonImmune_fastqs_9.27/STAR-fus_out/H14_B001545/
C3_B003776,C3_B003776,s3://darmanis-group/singlecell_lungadeno/non_immune/nonImmune_fastqs_9.27/180601/C3_B003776/C3_B003776_R1_001.fastq.gz,s3://darmanis-group/singlecell_lungadeno/non_immune/nonImmune_fastqs_9.27/180601/C3_B003776/C3_B003776_R2_001.fastq.gz,s3://darmanis-group/singlecell_lungadeno/non_immune/nonImmune_fastqs_9.27/STAR-fus_out/C3_B003776/
J4_B003518,J4_B003518,s3://darmanis-group/singlecell_lungadeno/non_immune/nonImmune_fastqs_9.27/180831/J4_B003518/J4_B003518_R1_001.fastq.gz,s3://darmanis-group/singlecell_lungadeno/non_immune/nonImmune_fastqs_9.27/180831/J4_B003518/J4_B003518_R2_001.fastq.gz,s3://darmanis-group/singlecell_lungadeno/non_immune/nonImmune_fastqs_9.27/STAR-fus_out/J4_B003518/
L5_B001798,L5_B001798,s3://darmanis-group/singlecell_lungadeno/non_immune/nonImmune_fastqs_9.27/171120_concat/L5_B001798/L5_B001798_R1_001.fastq.gz,s3://darmanis-group/singlecell_lungadeno/non_immune/nonImmune_fastqs_9.27/171120_concat/L5_B001798/L5_B001798_R2_001.fastq.gz,s3://darmanis-group/singlecell_lungadeno/non_immune/nonImmune_fastqs_9.27/STAR-fus_out/L5_B001798/
B21_B003121,B21_B003121,s3://darmanis-group/singlecell_lungadeno/non_immune/nonImmune_fastqs_9.27/180405/B21_B003121/B21_B003121_R1_001.fastq.gz,s3://darmanis-group/singlecell_lungadeno/non_immune/nonImmune_fastqs_9.27/180405/B21_B003121/B21_B003121_R2_001.fastq.gz,s3://darmanis-group/singlecell_lungadeno/non_immune/nonImmune_fastqs_9.27/STAR-fus_out/B21_B003121/
M20_B003522,M20_B003522,s3://darmanis-group/singlecell_lungadeno/non_immune/nonImmune_fastqs_9.27/180831/M20_B003522/M20_B003522_R1_001.fastq.gz,s3://darmanis-group/singlecell_lungadeno/non_immune/nonImmune_fastqs_9.27/180831/M20_B003522/M20_B003522_R2_001.fastq.gz,s3://darmanis-group/singlecell_lungadeno/non_immune/nonImmune_fastqs_9.27/STAR-fus_out/M20_B003522/
O8_B003120,O8_B003120,s3://darmanis-group/singlecell_lungadeno/non_immune/nonImmune_fastqs_9.27/180405/O8_B003120/O8_B003120_R1_001.fastq.gz,s3://darmanis-group/singlecell_lungadeno/non_immune/nonImmune_fastqs_9.27/180405/O8_B003120/O8_B003120_R2_001.fastq.gz,s3://darmanis-group/singlecell_lungadeno/non_immune/nonImmune_fastqs_9.27/STAR-fus_out/O8_B003120/
P17_B003125,P17_B003125,s3://darmanis-group/singlecell_lungadeno/non_immune/nonImmune_fastqs_9.27/180516/P17_B003125/P17_B003125_R1_001.fastq.gz,s3://darmanis-group/singlecell_lungadeno/non_immune/nonImmune_fastqs_9.27/180516/P17_B003125/P17_B003125_R2_001.fastq.gz,s3://darmanis-group/singlecell_lungadeno/non_immune/nonImmune_fastqs_9.27/STAR-fus_out/P17_B003125/
I22_B003518,I22_B003518,s3://darmanis-group/singlecell_lungadeno/non_immune/nonImmune_fastqs_9.27/180831/I22_B003518/I22_B003518_R1_001.fastq.gz,s3://darmanis-group/singlecell_lungadeno/non_immune/nonImmune_fastqs_9.27/180831/I22_B003518/I22_B003518_R2_001.fastq.gz,s3://darmanis-group/singlecell_lungadeno/non_immune/nonImmune_fastqs_9.27/STAR-fus_out/I22_B003518/
N11_B003113,N11_B003113,s3://darmanis-group/singlecell_lungadeno/non_immune/nonImmune_fastqs_9.27/180405/N11_B003113/N11_B003113_R1_001.fastq.gz,s3://darmanis-group/singlecell_lungadeno/non_immune/nonImmune_fastqs_9.27/180405/N11_B003113/N11_B003113_R2_001.fastq.gz,s3://darmanis-group/singlecell_lungadeno/non_immune/nonImmune_fastqs_9.27/STAR-fus_out/N11_B003113/
G14_B003125,G14_B003125,s3://darmanis-group/singlecell_lungadeno/non_immune/nonImmune_fastqs_9.27/180516/G14_B003125/G14_B003125_R1_001.fastq.gz,s3://darmanis-group/singlecell_lungadeno/non_immune/nonImmune_fastqs_9.27/180516/G14_B003125/G14_B003125_R2_001.fastq.gz,s3://darmanis-group/singlecell_lungadeno/non_immune/nonImmune_fastqs_9.27/STAR-fus_out/G14_B003125/
K10_B003117,K10_B003117,s3://darmanis-group/singlecell_lungadeno/non_immune/nonImmune_fastqs_9.27/180405/K10_B003117/K10_B003117_R1_001.fastq.gz,s3://darmanis-group/singlecell_lungadeno/non_immune/nonImmune_fastqs_9.27/180405/K10_B003117/K10_B003117_R2_001.fastq.gz,s3://darmanis-group/singlecell_lungadeno/non_immune/nonImmune_fastqs_9.27/STAR-fus_out/K10_B003117/
G8_B003121,G8_B003121,s3://darmanis-group/singlecell_lungadeno/non_immune/nonImmune_fastqs_9.27/180405/G8_B003121/G8_B003121_R1_001.fastq.gz,s3://darmanis-group/singlecell_lungadeno/non_immune/nonImmune_fastqs_9.27/180405/G8_B003121/G8_B003121_R2_001.fastq.gz,s3://darmanis-group/singlecell_lungadeno/non_immune/nonImmune_fastqs_9.27/STAR-fus_out/G8_B003121/
E22_B003116,E22_B003116,s3://darmanis-group/singlecell_lungadeno/non_immune/nonImmune_fastqs_9.27/180711/E22_B003116/E22_B003116_R1_001.fastq.gz,s3://darmanis-group/singlecell_lungadeno/non_immune/nonImmune_fastqs_9.27/180711/E22_B003116/E22_B003116_R2_001.fastq.gz,s3://darmanis-group/singlecell_lungadeno/non_immune/nonImmune_fastqs_9.27/STAR-fus_out/E22_B003116/
O1_B003785,O1_B003785,s3://darmanis-group/singlecell_lungadeno/non_immune/nonImmune_fastqs_9.27/180226/O1_B003785/O1_B003785_R1_001.fastq.gz,s3://darmanis-group/singlecell_lungadeno/non_immune/nonImmune_fastqs_9.27/180226/O1_B003785/O1_B003785_R2_001.fastq.gz,s3://darmanis-group/singlecell_lungadeno/non_immune/nonImmune_fastqs_9.27/STAR-fus_out/O1_B003785/
B10_B002078,B10_B002078,s3://darmanis-group/singlecell_lungadeno/non_immune/nonImmune_fastqs_9.27/180516/B10_B002078/B10_B002078_R1_001.fastq.gz,s3://darmanis-group/singlecell_lungadeno/non_immune/nonImmune_fastqs_9.27/180516/B10_B002078/B10_B002078_R2_001.fastq.gz,s3://darmanis-group/singlecell_lungadeno/non_immune/nonImmune_fastqs_9.27/STAR-fus_out/B10_B002078/
L18_B003522,L18_B003522,s3://darmanis-group/singlecell_lungadeno/non_immune/nonImmune_fastqs_9.27/180831/L18_B003522/L18_B003522_R1_001.fastq.gz,s3://darmanis-group/singlecell_lungadeno/non_immune/nonImmune_fastqs_9.27/180831/L18_B003522/L18_B003522_R2_001.fastq.gz,s3://darmanis-group/singlecell_lungadeno/non_immune/nonImmune_fastqs_9.27/STAR-fus_out/L18_B003522/
K17_B000863,K17_B000863,s3://darmanis-group/singlecell_lungadeno/non_immune/nonImmune_fastqs_9.27/180307/K17_B000863/K17_B000863_R1_001.fastq.gz,s3://darmanis-group/singlecell_lungadeno/non_immune/nonImmune_fastqs_9.27/180307/K17_B000863/K17_B000863_R2_001.fastq.gz,s3://darmanis-group/singlecell_lungadeno/non_immune/nonImmune_fastqs_9.27/STAR-fus_out/K17_B000863/
D8_B001474,D8_B001474,s3://darmanis-group/singlecell_lungadeno/non_immune/nonImmune_fastqs_9.27/180831/D8_B001474/D8_B001474_R1_001.fastq.gz,s3://darmanis-group/singlecell_lungadeno/non_immune/nonImmune_fastqs_9.27/180831/D8_B001474/D8_B001474_R2_001.fastq.gz,s3://darmanis-group/singlecell_lungadeno/non_immune/nonImmune_fastqs_9.27/STAR-fus_out/D8_B001474/
C9_1001000294,C9_1001000294,s3://darmanis-group/singlecell_lungadeno/non_immune/nonImmune_fastqs_9.27/170202/C9_1001000294/C9_1001000294_R1_001.fastq.gz,s3://darmanis-group/singlecell_lungadeno/non_immune/nonImmune_fastqs_9.27/170202/C9_1001000294/C9_1001000294_R2_001.fastq.gz,s3://darmanis-group/singlecell_lungadeno/non_immune/nonImmune_fastqs_9.27/STAR-fus_out/C9_1001000294/
A18_B003920,A18_B003920,s3://darmanis-group/singlecell_lungadeno/non_immune/nonImmune_fastqs_9.27/180711/A18_B003920/A18_B003920_R1_001.fastq.gz,s3://darmanis-group/singlecell_lungadeno/non_immune/nonImmune_fastqs_9.27/180711/A18_B003920/A18_B003920_R2_001.fastq.gz,s3://darmanis-group/singlecell_lungadeno/non_immune/nonImmune_fastqs_9.27/STAR-fus_out/A18_B003920/
G12_B002074,G12_B002074,s3://darmanis-group/singlecell_lungadeno/non_immune/nonImmune_fastqs_9.27/180711/G12_B002074/G12_B002074_R1_001.fastq.gz,s3://darmanis-group/singlecell_lungadeno/non_immune/nonImmune_fastqs_9.27/180711/G12_B002074/G12_B002074_R2_001.fastq.gz,s3://darmanis-group/singlecell_lungadeno/non_immune/nonImmune_fastqs_9.27/STAR-fus_out/G12_B002074/
A7_B001008,A7_B001008,s3://darmanis-group/singlecell_lungadeno/non_immune/nonImmune_fastqs_9.27/181120/A7_B001008/A7_B001008_R1_001.fastq.gz,s3://darmanis-group/singlecell_lungadeno/non_immune/nonImmune_fastqs_9.27/181120/A7_B001008/A7_B001008_R1_001.fastq.gz,s3://darmanis-group/singlecell_lungadeno/non_immune/nonImmune_fastqs_9.27/STAR-fus_out/A7_B001008/
E5_1001000295,E5_1001000295,s3://darmanis-group/singlecell_lungadeno/non_immune/nonImmune_fastqs_9.27/170125/E5_1001000295/E5_1001000295_R1_001.fastq.gz,s3://darmanis-group/singlecell_lungadeno/non_immune/nonImmune_fastqs_9.27/170125/E5_1001000295/E5_1001000295_R2_001.fastq.gz,s3://darmanis-group/singlecell_lungadeno/non_immune/nonImmune_fastqs_9.27/STAR-fus_out/E5_1001000295/
K16_B003187,K16_B003187,s3://darmanis-group/singlecell_lungadeno/non_immune/nonImmune_fastqs_9.27/180831/K16_B003187/K16_B003187_R1_001.fastq.gz,s3://darmanis-group/singlecell_lungadeno/non_immune/nonImmune_fastqs_9.27/180831/K16_B003187/K16_B003187_R2_001.fastq.gz,s3://darmanis-group/singlecell_lungadeno/non_immune/nonImmune_fastqs_9.27/STAR-fus_out/K16_B003187/
I12_1001000407,I12_1001000407,s3://darmanis-group/singlecell_lungadeno/non_immune/nonImmune_fastqs_9.27/171120_concat/I12_1001000407/I12_1001000407_R1_001.fastq.gz,s3://darmanis-group/singlecell_lungadeno/non_immune/nonImmune_fastqs_9.27/171120_concat/I12_1001000407/I12_1001000407_R2_001.fastq.gz,s3://darmanis-group/singlecell_lungadeno/non_immune/nonImmune_fastqs_9.27/STAR-fus_out/I12_1001000407/
G1_1001000295,G1_1001000295,s3://darmanis-group/singlecell_lungadeno/non_immune/nonImmune_fastqs_9.27/170202/G1_1001000295/G1_1001000295_R1_001.fastq.gz,s3://darmanis-group/singlecell_lungadeno/non_immune/nonImmune_fastqs_9.27/170202/G1_1001000295/G1_1001000295_R2_001.fastq.gz,s3://darmanis-group/singlecell_lungadeno/non_immune/nonImmune_fastqs_9.27/STAR-fus_out/G1_1001000295/
G3_B002074,G3_B002074,s3://darmanis-group/singlecell_lungadeno/non_immune/nonImmune_fastqs_9.27/180711/G3_B002074/G3_B002074_R1_001.fastq.gz,s3://darmanis-group/singlecell_lungadeno/non_immune/nonImmune_fastqs_9.27/180711/G3_B002074/G3_B002074_R2_001.fastq.gz,s3://darmanis-group/singlecell_lungadeno/non_immune/nonImmune_fastqs_9.27/STAR-fus_out/G3_B002074/
